{
    "parent": "block/stone_button_inventory",
	

    "overrides":[
	{"predicate":{"custom_model_data":0},"model":"item/stone_button0"},
	{"predicate":{"custom_model_data":1},"model":"item/ball_8_full_soccer"},
	{"predicate":{"custom_model_data":2},"model":"item/ball_16_full_soccer"},
	{"predicate":{"custom_model_data":3},"model":"item/ball_24_full_soccer"},
	{"predicate":{"custom_model_data":4},"model":"item/ball_8_full_soccer_pivot"},
	{"predicate":{"custom_model_data":5},"model":"item/ball_16_full_soccer_new"},
	{"predicate":{"custom_model_data":6},"model":"item/ball_24_full_soccer_pivot"},
	{"predicate":{"custom_model_data":7},"model":"item/stone_button0"}
    ]
}